pre_type,L23_01,L23_02,L23_03,L23_04,L23_05,L23_06,L23_07,L23_08,L23_09,L23_10,L4_01,L4_02,L4_03,L4_04,L4_05,L4_06,L4_07,L4_08,L4_09,L4_10,L5_01,L5_02,L5_03,L5_04,L5_05,L5_06,L5_07,L5_08,L5_09,L5_10,L6_01,L6_02,L6_03,L6_04,L6_05,L6_06,L6_07,L6_08,L6_09,L6_10,INH_01,INH_02,INH_03,INH_04,INH_05,INH_06,INH_07,INH_08,INH_09,INH_10
L23_01,87,35,41,37,41,9,75,70,89,34,8,4,6,15,2,12,12,4,15,6,5,0,2,2,4,22,17,8,4,4,7,9,5,4,2,22,5,22,22,4,6,10,16,1,20,39,18,9,8,21
L23_02,70,32,20,29,59,43,18,93,26,26,7,3,3,5,12,15,11,27,2,15,15,1,4,2,1,1,3,8,3,3,14,9,7,6,8,24,9,4,5,4,14,18,45,14,48,46,17,40,7,16
L23_03,27,21,35,46,64,45,52,36,40,20,5,11,9,8,13,4,13,4,7,2,4,13,26,6,13,2,15,1,3,3,3,10,0,2,0,12,4,10,12,3,14,50,23,9,81,23,17,13,11,16
L23_04,14,6,62,41,52,33,106,36,81,20,3,0,3,17,20,1,4,2,1,1,6,12,4,4,7,11,4,5,4,12,3,17,4,2,4,6,5,6,20,0,31,15,52,19,18,32,19,19,26,102
L23_05,3,55,28,72,9,87,107,14,26,76,10,3,3,3,7,9,4,19,3,4,10,1,14,15,19,16,14,4,12,2,9,11,7,4,1,1,9,3,0,14,22,24,58,11,25,19,21,71,11,16
L23_06,31,35,19,16,193,68,21,137,78,32,8,8,6,1,4,9,9,12,12,16,0,8,0,4,8,4,6,15,4,9,17,15,4,4,5,1,9,16,6,6,43,16,12,19,7,21,30,95,14,37
L23_07,53,47,35,50,29,8,49,63,34,248,4,7,6,7,9,12,0,11,4,11,6,13,3,5,4,1,9,5,12,10,10,6,12,0,8,1,3,10,15,2,23,7,37,12,25,34,21,35,21,8
L23_08,40,57,25,39,36,83,65,61,15,54,20,16,4,3,5,3,4,30,7,6,11,5,2,8,6,9,6,7,15,7,9,7,8,7,6,2,17,7,7,12,8,9,69,7,13,45,24,15,89,7
L23_09,31,72,48,79,77,66,75,37,34,58,4,1,8,10,5,3,4,10,11,3,7,3,4,9,14,16,8,11,1,4,7,22,6,2,5,38,2,7,9,3,115,34,51,26,8,13,51,44,24,41
L23_10,123,50,20,39,34,6,93,171,42,20,2,9,7,9,11,6,11,4,1,4,2,13,12,9,2,7,11,18,5,22,6,2,3,7,11,5,7,13,22,8,23,12,12,10,35,27,17,13,23,99
L4_01,5,16,5,13,10,10,9,1,2,2,28,16,26,61,18,26,84,66,27,15,12,0,12,5,4,1,6,16,1,13,2,9,7,18,14,3,12,8,2,3,34,123,9,22,10,20,18,58,28,7
L4_02,22,4,4,3,11,4,18,12,18,14,32,158,64,64,30,33,20,39,80,37,6,3,2,20,8,4,2,8,5,11,9,18,17,4,10,24,3,13,5,20,22,21,12,9,5,7,14,24,68,105
L4_03,11,14,3,8,3,5,6,1,5,0,54,43,50,30,47,25,58,45,14,37,5,26,2,25,22,8,1,1,9,5,12,6,50,6,4,5,9,11,2,4,14,39,13,10,14,27,31,14,57,11
L4_04,7,18,14,22,7,15,7,4,9,3,37,60,22,20,36,78,35,36,19,38,12,1,5,4,14,11,8,5,11,10,6,3,14,4,1,3,6,7,3,13,53,14,16,18,16,74,21,15,8,8
L4_05,9,1,13,15,10,11,0,6,10,12,294,66,29,32,7,18,44,70,44,185,23,5,7,10,4,20,4,6,6,6,5,9,7,7,19,5,16,11,6,7,43,7,9,34,33,25,39,28,39,16
L4_06,2,1,2,2,10,2,3,20,10,2,91,17,29,41,25,256,24,78,70,14,10,10,9,3,1,3,12,11,11,11,1,4,10,4,8,11,5,16,9,14,19,22,19,35,3,16,48,22,2,54
L4_07,7,8,4,7,3,5,13,4,6,5,14,21,137,14,57,14,36,80,3,44,8,10,10,5,3,6,10,10,13,7,6,5,18,4,5,29,25,0,2,3,51,12,4,34,13,20,21,20,107,16
L4_08,6,9,8,10,7,8,7,19,4,1,69,12,42,62,22,83,36,108,7,77,16,4,12,2,3,8,19,14,4,4,5,7,6,16,7,9,7,0,5,6,20,28,7,56,86,20,13,17,15,7
L4_09,6,3,21,8,5,1,9,27,12,12,17,68,21,43,25,30,64,47,24,27,7,5,5,12,9,12,8,6,4,7,18,16,7,3,2,6,3,5,6,13,14,73,40,28,19,7,28,32,18,32
L4_10,11,5,36,11,6,2,10,8,16,6,52,29,33,26,36,16,18,31,31,46,6,4,10,9,23,4,10,6,15,7,18,7,7,12,14,7,9,6,1,6,55,14,66,30,15,18,3,36,22,44
L5_01,3,3,3,4,2,24,2,43,17,5,6,6,19,10,7,3,1,6,5,3,34,42,28,61,56,30,40,49,41,22,97,6,6,6,6,4,13,3,5,5,9,27,61,49,57,29,31,44,10,58
L5_02,6,8,4,12,5,5,2,10,21,7,17,11,6,11,10,2,11,1,12,4,53,19,147,51,15,42,12,13,25,98,1,13,2,11,11,17,8,3,0,23,41,11,74,32,11,18,16,18,33,36
L5_03,19,5,7,4,4,37,6,15,2,4,3,6,8,4,6,12,3,6,10,6,25,65,36,9,34,10,82,115,32,4,3,26,5,6,1,11,5,8,14,4,13,51,3,8,33,8,37,12,6,14
L5_04,8,20,10,44,12,0,3,6,8,8,13,18,12,5,9,13,8,12,4,9,83,174,46,30,99,13,93,29,66,7,2,3,12,1,23,6,8,3,23,9,13,38,24,43,37,39,37,22,11,5
L5_05,1,2,11,7,8,11,1,15,1,23,11,9,7,16,0,5,8,6,15,13,91,59,23,42,71,12,32,58,46,59,1,5,9,4,31,5,8,3,13,2,29,14,13,12,13,42,73,41,36,17
L5_06,5,13,2,47,8,2,4,3,10,6,6,21,10,3,14,6,39,4,5,10,35,51,44,22,149,60,68,30,66,19,1,3,3,12,28,4,8,2,11,7,22,20,25,19,15,29,25,16,50,14
L5_07,13,8,6,11,15,4,5,6,2,13,11,9,6,10,7,5,17,30,8,2,169,28,7,37,85,14,91,16,37,16,7,8,0,16,3,30,10,14,13,14,19,18,47,2,5,14,31,57,61,55
L5_08,10,5,5,21,12,14,6,6,1,9,6,13,16,7,16,14,13,6,1,5,285,108,76,74,46,32,109,12,33,22,1,2,5,9,2,5,44,11,6,18,33,9,33,48,44,55,29,6,14,10
L5_09,1,3,14,0,4,3,6,9,2,9,6,12,5,17,4,26,3,1,12,14,47,27,78,16,433,33,76,59,14,54,3,22,13,19,3,8,4,2,1,7,141,16,14,42,48,18,83,9,46,32
L5_10,2,9,0,4,13,18,3,8,5,2,8,3,1,25,22,4,11,14,6,6,128,96,25,8,141,38,19,30,21,16,3,11,8,1,7,3,16,2,16,8,20,11,53,28,21,19,20,45,17,10
L6_01,1,17,3,26,11,29,2,3,8,4,6,24,9,10,6,7,6,10,7,4,17,15,18,5,2,17,19,3,6,4,7,27,49,41,16,21,29,8,5,54,10,35,17,10,12,24,8,20,20,26
L6_02,4,7,19,18,11,5,1,5,18,13,3,13,3,3,14,6,4,20,5,2,3,9,5,4,40,13,10,5,29,8,35,44,104,39,153,58,34,49,26,21,36,20,23,28,8,24,22,13,19,51
L6_03,10,13,20,10,7,15,10,2,14,3,9,13,4,0,8,5,6,4,17,17,5,13,17,3,14,11,6,18,8,3,24,21,41,24,78,28,62,126,192,88,78,22,20,20,20,36,14,6,39,109
L6_04,5,7,11,8,16,12,10,9,10,4,53,14,6,19,21,4,3,15,14,4,21,5,2,5,14,12,6,24,6,19,28,43,335,12,12,13,26,63,20,10,13,40,38,6,25,8,8,30,10,32
L6_05,9,20,8,7,13,6,12,3,4,6,11,5,4,10,13,5,0,3,3,6,9,14,10,7,10,7,33,4,16,10,131,27,34,48,201,48,12,10,44,35,10,8,21,15,66,24,115,5,52,27
L6_06,12,5,23,2,12,11,16,6,5,7,4,4,8,13,4,8,7,6,11,18,6,2,5,8,14,5,1,11,3,5,40,58,88,22,17,36,46,87,87,84,215,57,28,35,62,25,19,50,18,35
L6_07,4,7,3,12,13,3,20,4,9,7,4,11,15,13,7,6,6,8,0,2,4,8,0,1,3,13,26,9,8,5,20,54,43,44,44,108,36,98,87,153,24,41,19,19,69,34,20,36,25,30
L6_08,16,9,11,9,6,10,7,30,7,62,5,8,16,2,26,12,54,2,8,8,10,6,7,7,8,4,11,18,1,10,49,67,22,30,27,79,17,21,58,27,21,21,27,42,35,63,16,40,32,81
L6_09,9,19,2,10,3,25,2,18,1,8,9,10,4,15,17,9,30,8,2,4,0,3,4,32,3,3,14,7,10,3,59,39,150,24,21,90,50,8,38,29,8,47,19,24,27,51,11,38,46,19
L6_10,5,11,4,9,9,3,12,3,3,5,5,23,13,16,3,7,14,6,10,4,8,20,2,5,17,6,4,1,9,15,65,52,30,50,31,82,32,61,29,76,17,18,30,30,24,11,11,37,25,39
INH_01,8,25,27,40,36,16,66,23,7,25,12,18,16,9,19,23,33,19,22,41,18,38,28,12,20,31,39,106,19,19,118,4,43,4,69,7,19,20,29,35,9,300,28,79,77,149,86,21,88,65
INH_02,9,12,24,17,45,8,9,33,16,19,17,24,27,16,14,22,20,21,27,17,12,14,73,47,11,18,53,5,0,38,12,30,3,17,60,2,21,24,22,17,26,33,84,22,9,117,70,40,90,43
INH_03,33,20,13,16,24,14,38,22,15,55,38,16,9,31,12,38,23,30,77,19,19,34,49,17,34,12,6,22,21,8,45,40,41,33,27,62,10,52,5,17,9,61,26,21,60,12,56,37,174,63
INH_04,34,60,42,34,14,13,14,43,29,16,54,26,8,18,84,41,18,6,29,37,14,21,23,7,10,15,21,15,35,22,26,21,33,20,20,3,9,18,34,78,44,43,45,96,17,94,70,41,88,46
INH_05,4,22,88,10,19,54,3,21,15,42,22,9,73,50,26,54,15,95,8,43,19,35,37,14,77,39,36,33,52,64,12,35,75,5,22,20,34,40,31,13,50,34,29,53,65,111,22,49,24,55
INH_06,34,16,25,24,23,51,30,20,11,9,53,8,52,30,39,11,29,54,38,30,4,8,16,10,32,23,108,34,34,9,14,17,30,5,12,18,40,21,146,15,11,70,24,14,64,160,70,25,21,58
INH_07,63,23,24,27,11,12,123,13,19,13,11,25,15,61,28,2,54,71,42,10,25,16,7,18,34,14,114,35,14,11,19,54,27,12,16,6,21,48,20,28,37,42,17,24,77,22,28,39,35,38
INH_08,10,10,37,37,15,123,7,61,28,14,24,13,41,24,28,26,26,19,82,20,106,25,24,45,19,35,25,38,5,18,20,23,23,28,20,10,7,32,10,63,48,22,22,16,36,41,93,22,52,25
INH_09,12,30,32,5,11,12,98,38,15,10,22,22,39,8,15,19,14,52,98,18,41,5,14,32,26,32,10,10,10,26,38,31,93,17,46,13,46,40,10,27,5,58,31,120,39,94,33,65,23,21
INH_10,45,30,19,5,9,24,11,45,22,11,80,11,68,7,13,37,6,16,9,24,14,26,40,7,40,21,5,33,17,25,11,9,39,25,17,17,50,16,6,46,44,49,8,53,85,18,8,9,41,113
