segment_id,volume_um3,has_soma,touches_boundary
500001,1059.2228,1,0
500002,364.8357,1,0
500003,17.3531,0,0
500004,7.9173,0,0
500005,1161.1618,1,0
500006,1.9742,0,0
500007,668.1215,1,0
500008,1.5333,0,0
500009,38.0536,0,0
500010,9.4560,0,0
500011,0.6188,0,0
500012,0.6376,0,1
500013,13.3218,0,0
500014,0.2304,0,0
500015,0.0402,0,0
500016,0.0542,0,0
500017,0.2409,0,0
500018,4.7109,0,1
500019,15.8580,0,1
500020,235.4329,1,0
500021,73.5438,0,0
500022,1314.5688,1,0
500023,970.1261,1,1
500024,0.0382,0,0
500025,1.6127,0,1
500026,275.4174,1,0
500027,0.0167,0,1
500028,95.3821,0,1
500029,73.0994,0,0
500030,0.0394,0,0
500031,2.0427,0,0
500032,426.0968,1,0
500033,28.7992,0,0
500034,727.1929,1,0
500035,0.1214,0,1
500036,10.7951,0,0
500037,1.0203,0,0
500038,0.5588,0,1
500039,13.2798,0,1
500040,0.1504,0,0
500041,12.8267,0,1
500042,25.6739,0,1
500043,0.0313,0,1
500044,0.4435,0,0
500045,3.1852,0,1
500046,261.1147,1,1
500047,0.0277,0,1
500048,0.7257,0,0
500049,14.7081,0,0
500050,42.2364,0,0
500051,19.4518,0,0
500052,0.0284,0,0
500053,0.1795,0,0
500054,2.9461,0,0
500055,0.0537,0,0
500056,22.4680,0,1
500057,3.9835,0,0
500058,0.1144,0,0
500059,13.7295,0,0
500060,6.0443,0,0
500061,354.5823,1,0
500062,0.0523,0,0
500063,784.4516,1,0
500064,24.7826,0,0
500065,1.2481,0,1
500066,1.3838,0,1
500067,18.8620,0,0
500068,4.4865,0,0
500069,0.1012,0,0
500070,22.2009,0,1
500071,4.7772,0,1
500072,0.0914,0,0
500073,0.0722,0,0
500074,69.7602,0,1
500075,1.0816,0,0
500076,33.2631,0,0
500077,10.6869,0,1
500078,0.4628,0,0
500079,58.3469,0,0
500080,2.8707,0,0
500081,231.8544,1,0
500082,5.5655,0,0
500083,0.0466,0,0
500084,19.2443,0,0
500085,0.0273,0,0
500086,15.4051,0,1
500087,1.8695,0,0
500088,17.3163,0,0
500089,0.3715,0,1
500090,625.2554,1,0
500091,1.0225,0,0
500092,0.0256,0,1
500093,1152.1500,1,0
500094,287.6666,1,0
500095,70.4254,0,0
500096,0.1301,0,0
500097,0.0244,0,0
500098,247.6092,1,1
500099,18.9236,0,1
500100,279.0884,1,0
500101,1266.9062,1,1
500102,0.2168,0,1
500103,0.0847,0,1
500104,528.6872,1,0
500105,1.3696,0,1
500106,0.2442,0,1
500107,0.3307,0,1
500108,0.0691,0,0
500109,36.7964,0,0
500110,16.3161,0,0
500111,3.1394,0,1
500112,243.4489,1,0
500113,0.2690,0,0
500114,86.4811,0,1
500115,43.3599,0,0
500116,1497.2530,1,0
500117,257.0711,1,0
500118,0.0294,0,0
500119,85.7588,0,0
500120,1.4137,0,1
500121,85.1381,0,1
500122,0.0259,0,0
500123,1333.1695,1,0
500124,76.5101,0,0
500125,0.0166,0,1
500126,406.5402,1,1
500127,1.4052,0,1
500128,49.9956,0,0
500129,0.1550,0,0
500130,0.0401,0,1
500131,258.2733,1,0
500132,25.3054,0,0
500133,329.0266,1,0
500134,521.9644,1,0
500135,18.4111,0,0
500136,0.0391,0,0
500137,0.0870,0,0
500138,2.2676,0,0
500139,72.1221,0,0
500140,1.8294,0,0
500141,0.0101,0,1
500142,977.3925,1,1
500143,63.1861,0,0
500144,4.5113,0,0
500145,775.9658,1,0
500146,0.3484,0,1
500147,0.2646,0,1
500148,1087.9211,1,0
500149,3.9632,0,0
500150,0.1134,0,0
500151,63.0414,0,1
500152,0.7046,0,0
500153,5.8388,0,0
500154,17.4985,0,0
500155,619.6137,1,1
500156,1.1229,0,0
500157,0.2556,0,1
500158,64.7661,0,0
500159,8.4060,0,0
500160,18.6649,0,0
500161,0.1242,0,0
500162,508.8168,1,0
500163,0.2533,0,1
500164,837.0941,1,1
500165,0.1083,0,0
500166,4.0355,0,0
500167,36.7970,0,0
500168,0.0121,0,0
500169,0.2153,0,0
500170,0.1045,0,0
500171,0.0115,0,0
500172,1.0824,0,0
500173,5.9462,0,0
500174,2.5254,0,1
500175,0.0168,0,1
500176,344.7908,1,0
500177,227.3044,1,1
500178,1.7949,0,0
500179,1.5572,0,1
500180,87.9125,0,1
500181,1334.0946,1,0
500182,0.5942,0,0
500183,15.0901,0,1
500184,16.2144,0,1
500185,2.0447,0,1
500186,0.0540,0,1
500187,0.0133,0,1
500188,1.5052,0,0
500189,436.0794,1,1
500190,1268.9800,1,0
500191,11.9124,0,1
500192,872.3073,1,0
500193,825.7116,1,0
500194,0.2517,0,0
500195,0.0111,0,0
500196,231.9848,1,0
500197,625.8068,1,0
500198,201.5385,1,1
500199,1.9489,0,1
500200,6.7602,0,0
500201,25.7023,0,0
500202,6.5104,0,0
500203,94.7625,0,1
500204,14.8875,0,0
500205,0.0414,0,1
500206,230.6654,1,0
500207,431.7012,1,0
500208,5.7552,0,1
500209,0.0150,0,1
500210,5.9742,0,0
500211,668.0233,1,0
500212,845.0835,1,0
500213,22.4787,0,0
500214,8.9463,0,0
500215,17.5071,0,0
500216,0.1114,0,0
500217,23.3339,0,0
500218,2.0962,0,1
500219,10.4436,0,0
500220,0.2047,0,0
500221,0.0247,0,0
500222,16.6256,0,1
500223,0.0621,0,0
500224,0.4454,0,0
500225,7.0007,0,0
500226,0.0364,0,0
500227,0.2200,0,1
500228,406.3100,1,0
500229,0.1275,0,1
500230,0.0698,0,0
500231,0.0154,0,0
500232,43.4490,0,0
500233,1.2750,0,0
500234,0.0208,0,0
500235,0.0186,0,0
500236,896.1156,1,0
500237,791.5495,1,0
500238,4.2697,0,0
500239,57.8187,0,0
500240,0.1107,0,1
500241,13.6381,0,0
500242,0.0122,0,1
500243,0.2337,0,0
500244,22.5828,0,0
500245,0.2865,0,0
500246,0.1669,0,0
500247,0.0156,0,0
500248,5.5087,0,0
500249,2.1083,0,0
500250,1.3218,0,0
500251,10.0026,0,0
500252,37.5948,0,0
500253,18.1443,0,0
500254,0.0497,0,1
500255,11.1411,0,0
500256,10.7675,0,0
500257,5.0741,0,0
500258,2.1712,0,1
500259,76.9305,0,0
500260,0.1460,0,0
500261,1.7496,0,0
500262,42.7910,0,0
500263,0.0136,0,0
500264,281.8098,1,0
500265,5.2145,0,0
500266,37.2882,0,0
500267,27.6777,0,0
500268,29.7303,0,0
500269,17.7583,0,0
500270,0.2224,0,0
500271,0.0110,0,0
500272,1.4506,0,0
500273,0.0523,0,0
500274,1510.5048,1,0
500275,0.0928,0,0
500276,0.1009,0,0
500277,0.4551,0,0
500278,3.2478,0,1
500279,514.3738,1,0
500280,2.6073,0,0
500281,41.1903,0,0
500282,8.3293,0,0
500283,0.0208,0,0
500284,49.4014,0,1
500285,0.1943,0,1
500286,0.0274,0,1
500287,29.2878,0,1
500288,0.7200,0,0
500289,82.0031,0,1
500290,0.1048,0,0
500291,78.3694,0,1
500292,0.0530,0,1
500293,223.2107,1,0
500294,12.4524,0,0
500295,1.7937,0,0
500296,16.3032,0,0
500297,32.3899,0,0
500298,6.2268,0,1
500299,5.8522,0,1
500300,44.7764,0,0
500301,0.0351,0,1
500302,2.7383,0,0
500303,0.4759,0,0
500304,6.2985,0,0
500305,13.2616,0,0
500306,0.2104,0,0
500307,0.1401,0,0
500308,79.6267,0,1
500309,2.7107,0,1
500310,0.0668,0,0
500311,24.1005,0,0
500312,847.7262,1,0
500313,0.5756,0,1
500314,1.0987,0,0
500315,0.0257,0,0
500316,1.0830,0,0
500317,0.0405,0,0
500318,1277.5626,1,0
500319,1491.4754,1,0
500320,24.4942,0,0
500321,215.3938,1,0
500322,338.3075,1,0
500323,65.8484,0,0
500324,23.4887,0,0
500325,0.0277,0,0
500326,1.4251,0,0
500327,2.0370,0,1
500328,40.1017,0,0
500329,0.0148,0,0
500330,833.4610,1,0
500331,463.3154,1,1
500332,282.6680,1,1
500333,584.6242,1,1
500334,826.7699,1,1
500335,9.7876,0,0
500336,1000.5582,1,0
500337,0.0124,0,0
500338,325.0812,1,0
500339,2.0953,0,1
500340,0.3060,0,0
500341,0.1395,0,0
500342,7.6965,0,0
500343,20.4733,0,1
500344,418.7020,1,0
500345,41.3034,0,0
500346,9.4818,0,1
500347,0.0324,0,0
500348,0.0636,0,0
500349,0.0328,0,1
500350,0.0871,0,1
500351,0.3024,0,0
500352,0.0415,0,0
500353,0.0678,0,0
500354,1.6567,0,1
500355,0.0860,0,0
500356,67.4088,0,0
500357,0.1672,0,0
500358,0.0782,0,0
500359,1250.9953,1,0
500360,295.0449,1,0
500361,1188.5555,1,0
500362,0.0568,0,0
500363,46.0213,0,0
500364,0.0268,0,0
500365,1070.4946,1,0
500366,1515.6529,1,0
500367,641.9674,1,1
500368,6.3886,0,1
500369,0.0126,0,0
500370,9.6347,0,1
500371,56.9121,0,1
500372,0.4840,0,0
500373,5.4075,0,0
500374,3.2233,0,0
500375,0.0117,0,0
500376,17.9931,0,0
500377,0.2011,0,1
500378,0.1340,0,1
500379,0.6114,0,1
500380,49.6866,0,0
500381,6.5989,0,1
500382,363.9503,1,0
500383,80.4773,0,1
500384,30.4551,0,0
500385,37.2017,0,0
500386,86.4168,0,0
500387,474.5605,1,0
500388,0.1868,0,0
500389,0.0106,0,0
500390,5.0121,0,0
500391,1068.7128,1,1
500392,1007.2508,1,0
500393,0.1735,0,0
500394,0.0344,0,0
500395,22.1099,0,1
500396,0.7842,0,0
500397,0.2014,0,0
500398,0.0198,0,0
500399,49.0552,0,0
500400,18.1730,0,0
500401,1412.6392,1,0
500402,26.2584,0,0
500403,7.1372,0,1
500404,0.6515,0,1
500405,11.8388,0,0
500406,0.0268,0,1
500407,0.0116,0,0
500408,0.0777,0,0
500409,0.0919,0,0
500410,44.8754,0,0
500411,0.0288,0,1
500412,0.2731,0,0
500413,21.3319,0,0
500414,2.5618,0,0
500415,67.3370,0,0
500416,34.7390,0,0
500417,0.1179,0,0
500418,0.5988,0,0
500419,23.7237,0,0
500420,40.9483,0,0
500421,0.0676,0,0
500422,1483.0705,1,0
500423,71.3874,0,1
500424,1056.3160,1,0
500425,0.0387,0,0
500426,0.2232,0,0
500427,34.7725,0,0
500428,0.0100,0,0
500429,0.5642,0,0
500430,0.0559,0,0
500431,1.9115,0,1
500432,943.4783,1,0
500433,2.7382,0,1
500434,0.3902,0,0
500435,16.6060,0,0
500436,377.4845,1,1
500437,0.0922,0,1
500438,2.5558,0,0
500439,0.0668,0,0
500440,84.6139,0,0
500441,83.1923,0,0
500442,48.6672,0,0
500443,0.0101,0,1
500444,9.1785,0,1
500445,0.0706,0,1
500446,704.3003,1,0
500447,6.9416,0,0
500448,0.4090,0,1
500449,313.9972,1,0
500450,0.0341,0,0
500451,13.7819,0,1
500452,0.7158,0,0
500453,3.3275,0,0
500454,6.0433,0,0
500455,40.9833,0,0
500456,0.0348,0,0
500457,531.0360,1,0
500458,0.0159,0,0
500459,81.2200,0,1
500460,13.1175,0,1
500461,7.1102,0,0
500462,58.1505,0,1
500463,21.8314,0,0
500464,27.8927,0,1
500465,348.3505,1,0
500466,8.0893,0,1
500467,80.3634,0,0
500468,2.6959,0,0
500469,0.0893,0,0
500470,1482.1344,1,0
500471,1490.9612,1,1
500472,15.1704,0,0
500473,28.5138,0,0
500474,0.1482,0,0
500475,3.5349,0,0
500476,58.6809,0,1
500477,0.0354,0,0
500478,9.0183,0,1
500479,1.8626,0,0
500480,1.5834,0,1
500481,15.5905,0,0
500482,0.2696,0,0
500483,0.0979,0,1
500484,207.4781,1,0
500485,456.9591,1,0
500486,0.0692,0,0
500487,708.4092,1,1
500488,0.1078,0,0
500489,438.4660,1,0
500490,0.2439,0,0
500491,69.3732,0,0
500492,222.6076,1,0
500493,98.7071,0,0
500494,0.0262,0,1
500495,21.9231,0,0
500496,4.4185,0,0
500497,13.0512,0,0
500498,400.6343,1,0
500499,0.0402,0,0
500500,0.5022,0,0
500501,1.0321,0,1
500502,3.1412,0,1
500503,1.7028,0,0
500504,0.0131,0,0
500505,3.9783,0,0
500506,8.4922,0,0
500507,0.2563,0,1
500508,0.1725,0,0
500509,0.0144,0,0
500510,433.9386,1,0
500511,0.0901,0,1
500512,59.3529,0,0
500513,389.7381,1,0
500514,779.5661,1,0
500515,35.4294,0,0
500516,299.1875,1,0
500517,6.8088,0,0
500518,467.7561,1,1
500519,24.5786,0,0
500520,526.7492,1,0
500521,311.9193,1,0
500522,292.1061,1,0
500523,2.9562,0,1
500524,16.6568,0,0
500525,0.0151,0,0
500526,536.1805,1,0
500527,709.3931,1,0
500528,466.1486,1,1
500529,2.1819,0,0
500530,338.3333,1,0
500531,45.8379,0,1
500532,1.3504,0,0
500533,4.4624,0,0
500534,0.6385,0,0
500535,19.4049,0,0
500536,0.1453,0,0
500537,0.0197,0,0
500538,8.1518,0,0
500539,0.0185,0,0
500540,272.8080,1,0
500541,0.0474,0,0
500542,18.6889,0,0
500543,12.2455,0,0
500544,293.2179,1,0
500545,325.7923,1,0
500546,493.5491,1,0
500547,3.2204,0,0
500548,62.9424,0,0
500549,0.0297,0,0
500550,655.3079,1,0
500551,7.1998,0,0
500552,0.1233,0,0
500553,207.4716,1,0
500554,1.2955,0,0
500555,0.5172,0,0
500556,66.9916,0,0
500557,0.1065,0,1
500558,0.1332,0,0
500559,78.9556,0,1
500560,0.0197,0,0
500561,96.0931,0,0
500562,4.0106,0,0
500563,0.0731,0,1
500564,497.5295,1,0
500565,1.8527,0,0
500566,88.7455,0,0
500567,296.9432,1,1
500568,0.2146,0,0
500569,0.1024,0,0
500570,4.4355,0,0
500571,11.6771,0,0
500572,1.5175,0,0
500573,0.0332,0,1
500574,355.7670,1,0
500575,0.0832,0,0
500576,61.3133,0,0
500577,1.8774,0,1
500578,4.4303,0,0
500579,1.6716,0,0
500580,86.0132,0,1
500581,1.1834,0,0
500582,0.0914,0,1
500583,6.6876,0,1
500584,1.3947,0,0
500585,0.0676,0,1
500586,201.3449,1,0
500587,34.0849,0,0
500588,0.0997,0,0
500589,0.2946,0,0
500590,0.0114,0,0
500591,0.0646,0,1
500592,0.0507,0,1
500593,94.1584,0,1
500594,0.0728,0,1
500595,0.0449,0,0
500596,0.1290,0,0
500597,766.2283,1,0
500598,0.0296,0,0
500599,10.7943,0,1
500600,0.0438,0,0
500601,5.1878,0,0
500602,0.0222,0,0
500603,0.0151,0,1
500604,0.1297,0,0
500605,202.5054,1,1
500606,1.6268,0,0
500607,751.1784,1,0
500608,63.7952,0,1
500609,548.2655,1,0
500610,1.5352,0,1
500611,12.7236,0,1
500612,0.2205,0,0
500613,393.0107,1,0
500614,0.3633,0,1
500615,1.3046,0,0
500616,3.4753,0,1
500617,0.0984,0,0
500618,0.0543,0,0
500619,2.1086,0,0
500620,0.1103,0,1
500621,2.0624,0,0
500622,1483.7590,1,0
500623,0.0161,0,1
500624,1.5837,0,0
500625,15.2221,0,1
500626,0.0247,0,0
500627,1452.2710,1,0
500628,67.3421,0,0
500629,10.2257,0,0
500630,0.0458,0,0
500631,33.4803,0,0
500632,2.9904,0,0
500633,530.3403,1,1
500634,0.0899,0,0
500635,0.0307,0,0
500636,16.7992,0,1
500637,461.5359,1,1
500638,88.5132,0,0
500639,455.1681,1,1
500640,84.4615,0,0
500641,0.3849,0,0
500642,22.9257,0,1
500643,0.1217,0,0
500644,0.5775,0,0
500645,6.1192,0,0
500646,32.1328,0,0
500647,83.3700,0,0
500648,0.2152,0,1
500649,0.0179,0,0
500650,11.5579,0,0
500651,8.2733,0,0
500652,0.0216,0,0
500653,2.4110,0,0
500654,2.1790,0,0
500655,829.4641,1,0
500656,0.4259,0,0
500657,80.8236,0,0
500658,14.8108,0,0
500659,1.3001,0,1
500660,0.3085,0,0
500661,546.3777,1,0
500662,6.9776,0,1
500663,13.2937,0,0
500664,0.0649,0,0
500665,0.0199,0,0
500666,0.0101,0,0
500667,30.0627,0,0
500668,17.3114,0,1
500669,3.6315,0,0
500670,41.3969,0,0
500671,75.5420,0,0
500672,9.6822,0,0
500673,2.1948,0,0
500674,0.3820,0,0
500675,1.4869,0,1
500676,971.8870,1,0
500677,0.1443,0,1
500678,6.2434,0,1
500679,309.4415,1,0
500680,283.3397,1,0
500681,2.1351,0,0
500682,2.4070,0,0
500683,239.3784,1,0
500684,0.3765,0,1
500685,8.1337,0,1
500686,0.1873,0,0
500687,57.6053,0,1
500688,0.5957,0,0
500689,6.5297,0,1
500690,474.5112,1,1
500691,3.9224,0,0
500692,0.0123,0,1
500693,0.0624,0,0
500694,0.7517,0,0
500695,0.2527,0,1
500696,15.9006,0,1
500697,1.2792,0,0
500698,23.8698,0,0
500699,0.0742,0,1
500700,0.0122,0,0
500701,2.3149,0,1
500702,53.2397,0,0
500703,0.0160,0,0
500704,775.6928,1,0
500705,5.0397,0,1
500706,1572.4004,1,0
500707,0.2555,0,0
500708,0.0102,0,0
500709,7.1896,0,0
500710,268.2272,1,0
500711,289.9216,1,0
500712,370.0624,1,1
500713,0.0242,0,0
500714,13.3121,0,0
500715,0.0160,0,1
500716,597.2252,1,0
500717,0.0535,0,1
500718,272.2486,1,0
500719,0.0508,0,1
500720,48.5692,0,0
500721,53.2701,0,0
500722,1.9568,0,0
500723,23.2573,0,0
500724,0.1501,0,1
500725,307.6629,1,1
500726,1.2327,0,1
500727,0.0930,0,1
500728,1.5093,0,0
500729,311.7633,1,0
500730,451.1449,1,0
500731,5.4731,0,0
500732,2.9813,0,0
500733,506.4403,1,1
500734,465.8239,1,0
500735,581.8125,1,1
500736,0.2385,0,0
500737,483.4253,1,0
500738,263.3119,1,0
500739,6.2880,0,0
500740,0.0226,0,0
500741,0.2431,0,0
500742,0.1463,0,0
500743,300.8832,1,0
500744,0.3950,0,0
500745,9.4056,0,0
500746,1004.7615,1,1
500747,66.0690,0,1
500748,0.0392,0,0
500749,41.8414,0,0
500750,24.9051,0,1
500751,1.7062,0,0
500752,1.4053,0,1
500753,3.7540,0,0
500754,994.7265,1,1
500755,0.0128,0,0
500756,38.4634,0,1
500757,9.3183,0,1
500758,1.0527,0,0
500759,10.0249,0,0
500760,65.8123,0,0
500761,0.0975,0,0
500762,58.6995,0,0
500763,0.1533,0,1
500764,48.7503,0,0
500765,210.2593,1,0
500766,0.5361,0,0
500767,6.0408,0,0
500768,0.0669,0,0
500769,5.8083,0,0
500770,14.1266,0,0
500771,408.4483,1,0
500772,0.1988,0,1
500773,0.0350,0,0
500774,38.1354,0,1
500775,0.0109,0,1
500776,96.0384,0,0
500777,1165.6044,1,0
500778,0.1201,0,1
500779,450.8146,1,0
500780,249.5681,1,1
500781,5.0420,0,1
500782,85.3499,0,1
500783,1091.7094,1,0
500784,13.5202,0,0
500785,1.5911,0,1
500786,208.6180,1,0
500787,63.9162,0,0
500788,3.5974,0,0
500789,0.4551,0,0
500790,21.0043,0,1
500791,0.3599,0,0
500792,4.3921,0,0
500793,0.0274,0,0
500794,0.2535,0,0
500795,83.0343,0,0
500796,0.2023,0,1
500797,41.4233,0,0
500798,0.6166,0,0
500799,54.5902,0,0
500800,706.9544,1,0
500801,0.0379,0,1
500802,0.0203,0,0
500803,0.1042,0,1
500804,24.6798,0,0
500805,4.4806,0,1
500806,10.2029,0,0
500807,0.0125,0,0
500808,46.0198,0,1
500809,0.5172,0,0
500810,0.0476,0,0
500811,1.4041,0,0
500812,390.1697,1,0
500813,81.6825,0,0
500814,94.7364,0,0
500815,0.4533,0,1
500816,90.8616,0,0
500817,284.0107,1,0
500818,34.5809,0,0
500819,7.2424,0,0
500820,0.4569,0,1
500821,2.4609,0,1
500822,0.0329,0,1
500823,0.1797,0,1
500824,263.8735,1,0
500825,14.3052,0,0
500826,0.2792,0,0
500827,0.1303,0,0
500828,0.0148,0,0
500829,0.7200,0,0
500830,16.8230,0,0
500831,432.6251,1,0
500832,21.9175,0,0
500833,259.3308,1,0
500834,0.3690,0,0
500835,613.0593,1,0
500836,0.1631,0,0
500837,91.7433,0,0
500838,1.7171,0,0
500839,599.7204,1,0
500840,370.9664,1,0
500841,90.7581,0,0
500842,27.4464,0,0
500843,0.0414,0,0
500844,267.2170,1,1
500845,17.7863,0,0
500846,2.3799,0,0
500847,1089.2631,1,0
500848,7.2137,0,1
500849,0.1052,0,1
500850,0.6039,0,0
500851,0.2599,0,0
500852,0.0987,0,1
500853,0.3232,0,0
500854,4.8648,0,1
500855,0.0481,0,0
500856,16.8401,0,0
500857,1092.1107,1,0
500858,3.8215,0,0
500859,0.0595,0,1
500860,0.0632,0,0
500861,29.1897,0,0
500862,7.9029,0,0
500863,0.0910,0,0
500864,0.1258,0,0
500865,0.0758,0,1
500866,0.3706,0,0
500867,60.5688,0,0
500868,356.8543,1,0
500869,0.0412,0,0
500870,7.6248,0,0
500871,11.7632,0,0
500872,0.6823,0,0
500873,1.0996,0,0
500874,1.1102,0,1
500875,0.7443,0,0
500876,1.0366,0,0
500877,1.3427,0,0
500878,45.5479,0,0
500879,0.0352,0,0
500880,568.5417,1,0
500881,0.0148,0,0
500882,727.5640,1,1
500883,0.0106,0,1
500884,461.7807,1,0
500885,429.3877,1,0
500886,93.5583,0,0
500887,0.1207,0,1
500888,20.9048,0,0
500889,0.5631,0,1
500890,299.4605,1,1
500891,26.0856,0,1
500892,0.1197,0,0
500893,69.9447,0,0
500894,0.0400,0,0
500895,65.8854,0,0
500896,25.5157,0,0
500897,64.7690,0,0
500898,85.6481,0,1
500899,32.1736,0,0
500900,792.8276,1,1
500901,0.0699,0,0
500902,33.4903,0,0
500903,0.1443,0,0
500904,31.9441,0,1
500905,6.4523,0,0
500906,0.2716,0,0
500907,1.2344,0,0
500908,10.1065,0,0
500909,519.2375,1,0
500910,1.7863,0,0
500911,49.1796,0,0
500912,1.1493,0,0
500913,0.0709,0,0
500914,1.7671,0,1
500915,10.3557,0,0
500916,695.8715,1,0
500917,0.1460,0,1
500918,0.0470,0,0
500919,1495.9134,1,1
500920,601.4585,1,0
500921,0.0150,0,1
500922,1.2266,0,0
500923,40.4373,0,0
500924,1.3609,0,1
500925,309.2359,1,0
500926,11.1774,0,1
500927,2.0154,0,1
500928,0.6366,0,0
500929,0.0181,0,0
500930,956.8000,1,0
500931,3.3768,0,0
500932,1.3480,0,0
500933,0.7020,0,0
500934,8.4361,0,1
500935,1315.6384,1,1
500936,1.0911,0,1
500937,4.1079,0,0
500938,1.1377,0,1
500939,58.5981,0,1
500940,0.0113,0,0
500941,1.8597,0,1
500942,11.6578,0,1
500943,7.4953,0,0
500944,4.5932,0,0
500945,0.0665,0,0
500946,0.0361,0,1
500947,757.6745,1,0
500948,0.0485,0,0
500949,203.3996,1,1
500950,3.8135,0,0
500951,0.0146,0,0
500952,1.6709,0,1
500953,930.6961,1,0
500954,935.4348,1,0
500955,0.5276,0,1
500956,0.1336,0,0
500957,5.4820,0,0
500958,0.0156,0,0
500959,1.0787,0,0
500960,1.5942,0,1
500961,0.2213,0,0
500962,1054.4900,1,0
500963,0.0848,0,1
500964,0.6109,0,0
500965,1.9401,0,0
500966,6.1269,0,0
500967,0.1912,0,1
500968,316.4691,1,0
500969,680.5366,1,1
500970,3.8118,0,0
500971,2.6040,0,1
500972,943.8390,1,1
500973,0.2150,0,0
500974,352.0587,1,0
500975,0.2519,0,0
500976,0.0270,0,1
500977,0.6925,0,0
500978,9.3643,0,0
500979,84.1015,0,1
500980,25.5494,0,0
500981,1.6304,0,0
500982,2.0213,0,0
500983,0.1817,0,0
500984,0.4106,0,0
500985,0.0104,0,0
500986,1194.0025,1,1
500987,36.1636,0,0
500988,5.1342,0,1
500989,23.5848,0,0
500990,2.9911,0,0
500991,10.1314,0,1
500992,0.0385,0,0
500993,233.5430,1,0
500994,4.5146,0,0
500995,3.8988,0,0
500996,1164.3230,1,1
500997,2.2308,0,1
500998,38.2236,0,0
500999,10.3559,0,0
501000,28.6032,0,0
501001,0.1369,0,0
501002,851.7337,1,1
501003,0.6989,0,1
501004,0.0289,0,0
501005,0.1342,0,1
501006,14.1248,0,0
501007,42.0457,0,1
501008,0.5389,0,0
501009,0.2301,0,0
501010,2.0870,0,1
501011,1312.6770,1,0
501012,2.3278,0,0
501013,0.0180,0,1
501014,463.3465,1,0
501015,44.0018,0,0
501016,76.7326,0,1
501017,21.6045,0,0
501018,0.0122,0,0
501019,44.0553,0,0
501020,1493.5238,1,0
501021,0.5416,0,0
501022,8.5600,0,0
501023,1544.0111,1,0
501024,12.8374,0,0
501025,215.4960,1,1
501026,0.0144,0,1
501027,33.2215,0,0
501028,3.8256,0,0
501029,1.1488,0,0
501030,0.0411,0,0
501031,1.2435,0,0
501032,513.0664,1,0
501033,220.8228,1,0
501034,40.3825,0,0
501035,0.0791,0,0
501036,1.1692,0,0
501037,17.4831,0,1
501038,3.4891,0,1
501039,96.6182,0,0
501040,87.2153,0,0
501041,308.8806,1,0
501042,0.1524,0,1
501043,568.4250,1,0
501044,0.0314,0,1
501045,469.7960,1,1
501046,7.3537,0,0
501047,0.0770,0,0
501048,5.0096,0,0
501049,0.0775,0,0
501050,96.5161,0,0
501051,1053.4930,1,0
501052,1.3359,0,1
501053,34.4365,0,1
501054,63.6548,0,0
501055,1301.5652,1,0
501056,14.6167,0,0
501057,68.4826,0,0
501058,31.7623,0,1
501059,1.8611,0,0
501060,510.1118,1,0
501061,0.6077,0,0
501062,23.9751,0,0
501063,649.1460,1,0
501064,0.0863,0,0
501065,0.2716,0,0
501066,953.4316,1,0
501067,0.0647,0,0
501068,78.3340,0,1
501069,2.7629,0,1
501070,2.9124,0,0
501071,18.7418,0,1
501072,9.1320,0,0
501073,15.0989,0,0
501074,0.3495,0,0
501075,1082.4607,1,1
501076,54.4347,0,1
501077,0.5283,0,0
501078,852.4920,1,0
501079,291.2908,1,0
501080,1.0573,0,1
501081,32.3545,0,0
501082,242.2400,1,0
501083,0.2828,0,0
501084,624.0505,1,0
501085,10.9296,0,0
501086,0.2383,0,0
501087,583.7855,1,0
501088,24.2503,0,0
501089,0.6554,0,0
501090,9.2671,0,1
501091,19.6147,0,0
501092,7.4291,0,0
501093,3.4215,0,0
501094,5.9548,0,0
501095,0.1628,0,0
501096,4.5684,0,1
501097,0.0269,0,0
501098,368.6081,1,0
501099,3.2295,0,0
501100,0.1515,0,0
501101,0.0431,0,0
501102,15.0400,0,0
501103,677.8318,1,0
501104,0.0112,0,1
501105,1149.6082,1,0
501106,1008.4088,1,0
501107,1.2569,0,0
501108,532.5064,1,0
501109,559.9166,1,0
501110,766.2196,1,1
501111,0.0123,0,0
501112,4.9983,0,1
501113,38.5539,0,1
501114,1.1713,0,1
501115,30.3843,0,1
501116,0.0170,0,0
501117,18.0832,0,0
501118,1246.9892,1,0
501119,17.2474,0,0
501120,339.0451,1,0
501121,17.9333,0,0
501122,257.2957,1,0
501123,0.1444,0,0
501124,0.0370,0,1
501125,13.1339,0,0
501126,0.2014,0,0
501127,285.5280,1,0
501128,1.4326,0,1
501129,0.0430,0,0
501130,1402.6602,1,0
501131,1108.7813,1,0
501132,627.4202,1,0
501133,2.1849,0,1
501134,203.0834,1,1
501135,31.3904,0,1
501136,530.2148,1,0
501137,0.0555,0,0
501138,0.6410,0,1
501139,70.3536,0,1
501140,0.2035,0,0
501141,42.9312,0,0
501142,16.0196,0,1
501143,1340.5494,1,1
501144,421.1596,1,1
501145,9.5880,0,0
501146,1.0511,0,1
501147,1.3703,0,0
501148,28.3655,0,0
501149,3.0963,0,0
501150,0.0109,0,0
501151,0.0188,0,0
501152,1.3410,0,0
501153,1.9894,0,0
501154,0.5033,0,1
501155,85.7982,0,1
501156,0.6036,0,1
501157,209.1481,1,0
501158,1161.3368,1,0
501159,18.7579,0,0
501160,1152.9000,1,1
501161,10.0084,0,0
501162,356.8095,1,0
501163,10.8985,0,0
501164,0.0397,0,0
501165,0.4422,0,1
501166,295.7079,1,0
501167,0.0433,0,0
501168,377.3097,1,0
501169,7.5903,0,0
501170,3.8904,0,1
501171,850.7526,1,0
501172,0.0128,0,0
501173,575.3956,1,0
501174,1.5239,0,1
501175,0.1155,0,0
501176,38.2423,0,0
501177,4.7706,0,0
501178,10.0311,0,0
501179,11.8170,0,0
501180,47.1515,0,1
501181,0.0193,0,1
501182,0.0628,0,0
501183,0.3134,0,0
501184,92.2171,0,1
501185,1.2907,0,1
501186,0.0478,0,0
501187,0.0445,0,0
501188,0.1067,0,0
501189,3.0835,0,1
501190,1.4560,0,1
501191,1.2054,0,0
501192,0.3428,0,0
501193,26.0510,0,0
501194,16.8848,0,0
501195,80.2634,0,0
501196,0.2128,0,0
501197,15.1934,0,0
501198,671.2903,1,0
501199,10.3465,0,1
501200,0.0658,0,0
501201,32.4149,0,1
501202,1.4537,0,1
501203,87.8839,0,1
501204,61.8235,0,0
501205,0.0177,0,0
501206,1196.5043,1,0
501207,21.4193,0,0
501208,6.4653,0,0
501209,0.0613,0,0
501210,1.6554,0,0
501211,61.1426,0,1
501212,3.8429,0,0
501213,37.3876,0,1
501214,1552.3383,1,0
501215,6.8596,0,0
501216,0.7603,0,0
501217,1.8288,0,0
501218,0.2190,0,0
501219,6.8685,0,1
501220,73.5486,0,0
501221,16.4500,0,0
501222,6.7545,0,0
501223,0.0969,0,1
501224,48.0378,0,0
501225,1227.0570,1,0
501226,1365.9786,1,0
501227,1079.0757,1,0
501228,1079.6199,1,1
501229,0.4490,0,1
501230,0.1118,0,1
501231,503.9154,1,0
501232,1.2846,0,0
501233,2.8481,0,0
501234,1.2342,0,0
501235,16.3170,0,0
501236,1.8632,0,0
501237,4.4438,0,0
501238,1.2845,0,0
501239,30.5961,0,0
501240,6.1020,0,0
501241,0.0167,0,0
501242,0.0109,0,0
501243,0.5355,0,0
501244,844.0311,1,0
501245,0.2358,0,0
501246,3.2504,0,1
501247,6.9269,0,0
501248,0.1074,0,0
501249,1018.3033,1,0
501250,0.2311,0,1
501251,679.1981,1,1
501252,0.0111,0,0
501253,0.2802,0,0
501254,0.2363,0,0
501255,19.2580,0,1
501256,0.0770,0,0
501257,0.0508,0,1
501258,0.0206,0,0
501259,37.9543,0,0
501260,0.5974,0,0
501261,564.8073,1,0
501262,0.0118,0,0
501263,30.1700,0,1
501264,32.2436,0,0
501265,0.5919,0,0
501266,446.5579,1,0
501267,3.4044,0,0
501268,75.7147,0,0
501269,78.3238,0,0
501270,73.5508,0,0
501271,79.0096,0,0
501272,34.9995,0,0
501273,3.0176,0,0
501274,1.1350,0,1
501275,3.1786,0,0
501276,0.2911,0,0
501277,1290.4335,1,1
501278,0.0212,0,0
501279,0.0748,0,0
501280,40.9848,0,1
501281,0.0200,0,0
501282,998.8619,1,0
501283,0.4292,0,1
501284,0.2292,0,0
501285,227.8648,1,0
501286,0.0881,0,0
501287,3.3538,0,0
501288,894.8332,1,1
501289,0.1797,0,0
501290,92.7747,0,1
501291,55.4474,0,0
501292,0.1180,0,0
501293,23.8999,0,1
501294,0.0557,0,1
501295,6.1369,0,0
501296,0.1714,0,0
501297,0.0574,0,1
501298,16.6083,0,1
501299,214.1274,1,1
501300,735.8454,1,0
501301,0.4427,0,0
501302,423.8716,1,0
501303,1.9060,0,0
501304,506.1928,1,0
501305,62.4346,0,1
501306,1115.8664,1,0
501307,1.7654,0,1
501308,15.1091,0,0
501309,1458.9300,1,0
501310,20.4261,0,1
501311,10.8387,0,0
501312,0.0183,0,0
501313,469.3499,1,0
501314,721.6698,1,0
501315,17.2005,0,1
501316,6.3040,0,0
501317,0.1404,0,0
501318,0.4304,0,1
501319,42.3622,0,1
501320,1228.1484,1,0
501321,0.1586,0,0
501322,56.6205,0,0
501323,285.9857,1,0
501324,1.1159,0,0
501325,12.9823,0,0
501326,18.6830,0,1
501327,1.9957,0,0
501328,45.5946,0,0
501329,0.0124,0,0
501330,2.2482,0,1
501331,1.7895,0,0
501332,232.3384,1,1
501333,7.5965,0,0
501334,1.6783,0,0
501335,8.1045,0,0
501336,1288.2832,1,0
501337,0.0232,0,0
501338,447.2886,1,1
501339,0.6035,0,0
501340,65.8167,0,0
501341,212.6084,1,1
501342,0.0103,0,0
501343,0.0526,0,1
501344,531.9486,1,0
501345,41.2028,0,0
501346,9.3454,0,0
501347,0.0406,0,0
501348,0.5698,0,1
501349,274.4527,1,0
501350,17.6400,0,0
501351,0.0683,0,0
501352,0.2517,0,0
501353,658.2979,1,0
501354,0.1221,0,0
501355,1.3663,0,0
501356,243.1257,1,1
501357,54.0839,0,0
501358,91.9638,0,0
501359,0.0136,0,0
501360,3.7762,0,0
501361,64.2691,0,0
501362,16.1812,0,1
501363,27.3386,0,0
501364,1455.8168,1,0
501365,0.1599,0,0
501366,0.0351,0,0
501367,1.8502,0,0
501368,20.1872,0,1
501369,0.0635,0,0
501370,2.3156,0,0
501371,0.0347,0,1
501372,367.6750,1,0
501373,59.3827,0,0
501374,12.4491,0,1
501375,846.7312,1,0
501376,3.0994,0,0
501377,0.1747,0,1
501378,0.1197,0,0
501379,1441.9309,1,1
501380,0.0173,0,1
501381,34.3234,0,0
501382,4.5976,0,1
501383,4.7302,0,0
501384,24.9545,0,1
501385,0.0132,0,0
501386,25.8970,0,1
501387,3.1548,0,0
501388,0.3066,0,0
501389,0.4354,0,0
501390,335.4616,1,1
501391,14.4942,0,1
501392,0.0232,0,0
501393,9.3336,0,1
501394,20.3334,0,0
501395,21.4805,0,0
501396,0.2297,0,0
501397,5.4771,0,0
501398,625.5683,1,1
501399,37.7069,0,0
501400,525.3013,1,0
501401,0.5971,0,0
501402,0.5004,0,0
501403,2.3738,0,1
501404,1440.0163,1,0
501405,0.6042,0,1
501406,43.6066,0,1
501407,12.2293,0,0
501408,0.0385,0,0
501409,243.6491,1,1
501410,1.8172,0,0
501411,0.0790,0,0
501412,56.2501,0,0
501413,1.1962,0,1
501414,2.6338,0,0
501415,0.0208,0,0
501416,0.2033,0,1
501417,0.1874,0,0
501418,40.9754,0,0
501419,0.1133,0,0
501420,0.1363,0,1
501421,1011.9078,1,0
501422,0.0211,0,0
501423,38.4367,0,0
501424,35.3103,0,0
501425,20.7449,0,0
501426,1475.5619,1,0
501427,0.0948,0,0
501428,16.7970,0,0
501429,66.9422,0,0
501430,45.3318,0,1
501431,910.1085,1,0
501432,633.2531,1,0
501433,28.2030,0,0
501434,0.0651,0,0
501435,0.0279,0,1
501436,645.9510,1,1
501437,0.5890,0,0
501438,3.3927,0,0
501439,1067.5778,1,0
501440,270.2418,1,1
501441,84.9985,0,1
501442,0.3843,0,1
501443,3.4713,0,0
501444,0.0102,0,0
501445,4.2409,0,1
501446,0.1344,0,0
501447,0.0786,0,0
501448,14.1204,0,0
501449,0.0432,0,0
501450,1091.7621,1,1
501451,0.0305,0,0
501452,538.4502,1,0
501453,1.7310,0,0
501454,0.3288,0,0
501455,0.0603,0,1
501456,2.2331,0,0
501457,912.6815,1,0
501458,34.6122,0,0
501459,0.0134,0,0
501460,1.9127,0,0
501461,26.1716,0,0
501462,0.5938,0,0
501463,237.6294,1,0
501464,28.1987,0,0
501465,838.2325,1,0
501466,31.6743,0,1
501467,9.6363,0,0
501468,579.5225,1,0
501469,1106.0209,1,0
501470,10.5448,0,0
501471,2.7038,0,1
501472,0.0202,0,1
501473,53.3209,0,0
501474,0.4866,0,0
501475,0.0904,0,0
501476,0.1228,0,0
501477,0.1793,0,0
501478,22.8085,0,1
501479,2.9924,0,1
501480,0.6970,0,1
501481,0.0129,0,1
501482,249.5775,1,1
501483,14.3745,0,0
501484,0.1185,0,0
501485,3.4627,0,0
501486,1.2843,0,1
501487,820.8205,1,0
501488,1363.4180,1,0
501489,81.1758,0,0
501490,8.2339,0,0
501491,307.0036,1,0
501492,703.9494,1,0
501493,0.0135,0,0
501494,48.1261,0,0
501495,17.0272,0,0
501496,0.1819,0,0
501497,1427.9412,1,0
501498,0.0249,0,0
501499,10.4210,0,0
501500,0.2492,0,0
501501,0.1448,0,0
501502,0.6673,0,0
501503,983.0612,1,0
501504,1.4725,0,0
501505,53.6490,0,0
501506,24.0788,0,0
501507,1.9514,0,0
501508,0.1589,0,1
501509,17.1574,0,0
501510,0.5014,0,0
501511,12.0136,0,1
501512,1016.9855,1,1
501513,28.9106,0,0
501514,0.1645,0,0
501515,39.8262,0,0
501516,0.0483,0,1
501517,10.2974,0,0
501518,2.1299,0,0
501519,2.7381,0,0
501520,4.0233,0,1
501521,3.8265,0,0
501522,95.6423,0,0
501523,2.1689,0,1
501524,544.6644,1,0
501525,9.7009,0,0
501526,413.7714,1,0
501527,8.6010,0,0
501528,3.9698,0,0
501529,1.0017,0,0
501530,531.6506,1,0
501531,22.1282,0,0
501532,4.1999,0,1
501533,4.0162,0,0
501534,22.8943,0,1
501535,327.8961,1,0
501536,37.4739,0,0
501537,835.8692,1,0
501538,0.0437,0,1
501539,0.0440,0,1
501540,0.2497,0,1
501541,1.2654,0,0
501542,20.2405,0,0
501543,0.6906,0,0
501544,0.0418,0,0
501545,2.8090,0,0
501546,0.1044,0,0
501547,1438.0545,1,0
501548,0.3110,0,0
501549,0.1761,0,0
501550,50.3384,0,0
501551,1.3032,0,0
501552,32.5371,0,0
501553,56.2786,0,0
501554,0.6528,0,0
501555,0.1093,0,1
501556,0.3068,0,0
501557,0.1144,0,0
501558,0.0365,0,0
501559,0.2227,0,0
501560,0.0629,0,0
501561,7.4879,0,0
501562,5.6910,0,0
501563,13.8443,0,0
501564,259.8084,1,0
501565,0.0120,0,0
501566,0.0193,0,0
501567,1439.2693,1,0
501568,40.4658,0,0
501569,0.0694,0,0
501570,14.8830,0,1
501571,1018.5610,1,0
501572,3.6954,0,0
501573,2.3819,0,1
501574,2.6053,0,0
501575,80.7197,0,0
501576,305.5880,1,0
501577,1149.6578,1,1
501578,1.3285,0,0
501579,0.3897,0,0
501580,34.0610,0,1
501581,1.3543,0,0
501582,3.5577,0,1
501583,11.6151,0,1
501584,400.0077,1,1
501585,929.0811,1,0
501586,0.0296,0,1
501587,1573.1977,1,0
501588,4.1304,0,0
501589,0.2435,0,1
501590,0.2172,0,0
501591,917.9195,1,1
501592,12.9732,0,1
501593,0.0319,0,1
501594,0.2781,0,0
501595,1.1686,0,0
501596,4.4379,0,1
501597,0.0820,0,1
501598,4.2200,0,0
501599,0.2984,0,0
501600,6.5066,0,1
501601,850.2892,1,0
501602,0.3870,0,0
501603,0.1976,0,0
501604,0.3251,0,1
501605,490.0167,1,1
501606,11.9173,0,0
501607,15.8005,0,0
501608,4.6827,0,0
501609,37.4440,0,0
501610,0.0386,0,0
501611,1.5569,0,0
501612,441.7058,1,0
501613,0.2500,0,1
501614,0.0284,0,0
501615,43.7383,0,0
501616,5.6901,0,0
501617,1163.3568,1,0
501618,31.5995,0,1
501619,4.5429,0,0
501620,24.3172,0,0
501621,0.3986,0,0
501622,11.9184,0,1
501623,0.0364,0,1
501624,0.0519,0,1
501625,15.4278,0,0
501626,0.0907,0,0
501627,23.2870,0,0
501628,658.7884,1,0
501629,0.3236,0,0
501630,13.1243,0,0
501631,1.5185,0,0
501632,0.0117,0,1
501633,8.5533,0,0
501634,0.1128,0,1
501635,799.5184,1,1
501636,27.3007,0,1
501637,0.1050,0,0
501638,1.1462,0,0
501639,12.3738,0,0
501640,9.0675,0,0
501641,0.0581,0,0
501642,0.0810,0,0
501643,464.8798,1,0
501644,83.9245,0,0
501645,1.1283,0,0
501646,369.0419,1,0
501647,0.0355,0,0
501648,0.0653,0,0
501649,0.0434,0,0
501650,0.0285,0,1
501651,1.0257,0,0
501652,89.7097,0,0
501653,31.7019,0,0
501654,760.3367,1,0
501655,2.2431,0,1
501656,16.3517,0,0
501657,1450.6380,1,0
501658,3.4499,0,1
501659,0.0897,0,0
501660,660.8365,1,1
501661,1.1189,0,0
501662,460.8839,1,1
501663,529.1904,1,0
501664,0.0285,0,0
501665,0.2037,0,1
501666,15.3567,0,0
501667,22.8002,0,0
501668,216.5319,1,0
501669,0.0910,0,1
501670,16.7826,0,0
501671,0.3397,0,0
501672,0.0124,0,1
501673,0.6272,0,0
501674,16.9090,0,0
501675,1200.9954,1,0
501676,1.9366,0,1
501677,5.3041,0,1
501678,3.8148,0,1
501679,8.4751,0,0
501680,0.6622,0,0
501681,7.2956,0,0
501682,580.6962,1,0
501683,6.4036,0,1
501684,31.9359,0,0
501685,1.5609,0,1
501686,16.0455,0,0
501687,23.3008,0,0
501688,0.5207,0,1
501689,1.9326,0,0
501690,227.0267,1,0
501691,4.9440,0,0
501692,0.3366,0,1
501693,40.2755,0,0
501694,9.8467,0,0
501695,13.2776,0,0
501696,757.5023,1,0
501697,37.4366,0,0
501698,0.2387,0,0
501699,0.0252,0,0
501700,14.5369,0,1
501701,496.9435,1,0
501702,0.3314,0,1
501703,5.7384,0,0
501704,32.2974,0,0
501705,0.0975,0,0
501706,1.0596,0,0
501707,62.9310,0,0
501708,0.2727,0,0
501709,0.0984,0,0
501710,0.4624,0,0
501711,18.9977,0,0
501712,14.5803,0,0
501713,47.2358,0,0
501714,0.0627,0,0
501715,375.7627,1,1
501716,1.7748,0,0
501717,2.3812,0,1
501718,1.8498,0,0
501719,1450.9203,1,0
501720,0.0556,0,0
501721,1.9267,0,0
501722,0.1340,0,1
501723,271.9176,1,0
501724,9.4967,0,0
501725,2.7298,0,0
501726,13.8756,0,1
501727,1.3981,0,1
501728,265.3029,1,0
501729,607.1995,1,1
501730,10.1071,0,0
501731,26.1576,0,0
501732,0.4085,0,0
501733,0.0356,0,0
501734,33.2419,0,1
501735,38.8330,0,0
501736,1423.7034,1,0
501737,17.6238,0,0
501738,0.5135,0,0
501739,1.7852,0,1
501740,1191.9040,1,0
501741,18.2747,0,0
501742,0.2449,0,0
501743,13.3868,0,0
501744,3.4616,0,0
501745,509.5691,1,0
501746,0.0538,0,0
501747,1177.1013,1,0
501748,1186.3620,1,0
501749,54.1163,0,0
501750,4.5267,0,0
501751,303.6523,1,0
501752,7.1358,0,0
501753,781.6906,1,1
501754,3.3170,0,0
501755,801.0957,1,0
501756,3.0675,0,0
501757,2.0006,0,0
501758,3.9900,0,0
501759,7.2733,0,1
501760,21.4063,0,1
501761,9.1430,0,0
501762,510.4565,1,0
501763,2.0099,0,0
501764,1320.9659,1,0
501765,1.2314,0,0
501766,0.2913,0,0
501767,4.2655,0,0
501768,287.6189,1,0
501769,0.7255,0,0
501770,0.0978,0,0
501771,0.2247,0,1
501772,7.1236,0,0
501773,86.1394,0,0
501774,0.1856,0,0
501775,36.7290,0,0
501776,3.2977,0,0
501777,16.2234,0,1
501778,10.3087,0,1
501779,0.1407,0,1
501780,1021.6048,1,0
501781,11.9453,0,0
501782,498.9473,1,0
501783,0.1694,0,0
501784,5.5877,0,0
501785,24.0914,0,0
501786,851.0565,1,0
501787,813.5685,1,0
501788,2.1621,0,0
501789,0.0479,0,1
501790,0.0591,0,0
501791,0.3187,0,0
501792,507.6088,1,0
501793,70.4887,0,0
501794,0.4331,0,1
501795,1.0166,0,1
501796,3.7632,0,0
501797,0.0455,0,0
501798,3.9936,0,0
501799,0.0318,0,0
501800,0.0162,0,0
501801,0.0121,0,1
501802,250.8554,1,0
501803,0.6686,0,0
501804,74.4000,0,0
501805,1.6020,0,0
501806,13.4291,0,0
501807,0.0263,0,0
501808,68.4933,0,1
501809,0.4949,0,1
501810,16.2568,0,0
501811,0.0138,0,1
501812,0.2217,0,0
501813,0.0479,0,1
501814,525.2535,1,0
501815,2.6538,0,0
501816,1021.6348,1,0
501817,4.2903,0,0
501818,49.1799,0,1
501819,1101.2879,1,0
501820,556.8043,1,0
501821,0.1444,0,0
501822,0.2650,0,0
501823,0.0893,0,0
501824,0.5556,0,0
501825,868.4755,1,0
501826,3.5053,0,0
501827,0.0534,0,0
501828,94.9098,0,0
501829,7.9494,0,1
501830,7.7095,0,0
501831,17.9542,0,0
501832,0.0406,0,0
501833,2.5672,0,1
501834,17.7160,0,0
501835,0.2547,0,0
501836,0.0257,0,1
501837,1.0493,0,0
501838,0.2802,0,0
501839,12.6464,0,0
501840,0.1891,0,1
501841,0.0270,0,0
501842,0.0658,0,0
501843,1166.6718,1,0
501844,1.7463,0,0
501845,0.0414,0,0
501846,91.5509,0,0
501847,1.4653,0,1
501848,8.6802,0,1
501849,0.1176,0,1
501850,7.2101,0,1
501851,0.4038,0,0
501852,17.2890,0,1
501853,476.8440,1,0
501854,0.0237,0,0
501855,0.0597,0,0
501856,0.1727,0,1
501857,1.9082,0,1
501858,84.3019,0,0
501859,11.1093,0,0
501860,4.7271,0,0
501861,10.4473,0,1
501862,202.0024,1,0
501863,0.0621,0,0
501864,764.3501,1,0
501865,1006.0761,1,1
501866,4.9511,0,0
501867,0.2133,0,0
501868,1.4223,0,0
501869,497.3951,1,0
501870,567.0270,1,0
501871,0.3114,0,1
501872,886.2722,1,0
501873,3.1502,0,0
501874,0.6101,0,1
501875,217.1288,1,0
501876,0.0568,0,0
501877,0.3268,0,1
501878,761.4933,1,0
501879,0.1643,0,0
501880,15.5942,0,0
501881,4.2999,0,0
501882,0.0335,0,0
501883,8.8174,0,0
501884,914.3140,1,0
501885,0.3753,0,0
501886,1.2736,0,1
501887,42.2427,0,1
501888,4.5452,0,0
501889,21.9012,0,1
501890,1568.9960,1,0
501891,0.5344,0,0
501892,33.4472,0,1
501893,0.0671,0,0
501894,841.5493,1,1
501895,3.9822,0,0
501896,0.0376,0,1
501897,0.1169,0,0
501898,0.0440,0,1
501899,10.8834,0,1
501900,0.3118,0,0
501901,791.8959,1,0
501902,0.1143,0,1
501903,0.3208,0,0
501904,802.4152,1,1
501905,3.4131,0,1
501906,0.0141,0,0
501907,772.6313,1,0
501908,0.5863,0,1
501909,91.4509,0,1
501910,0.4299,0,0
501911,258.1749,1,0
501912,574.2394,1,0
501913,0.4583,0,0
501914,0.3537,0,0
501915,0.0661,0,1
501916,527.3084,1,0
501917,608.4882,1,0
501918,2.9917,0,0
501919,6.7546,0,0
501920,2.9032,0,0
501921,0.4921,0,0
501922,69.4797,0,0
501923,1.4922,0,0
501924,2.8478,0,0
501925,832.4323,1,0
501926,42.5816,0,0
501927,0.3075,0,1
501928,14.3325,0,0
501929,14.2516,0,0
501930,0.1523,0,1
501931,4.1657,0,0
501932,509.2280,1,0
501933,0.0150,0,1
501934,61.7937,0,0
501935,0.0229,0,0
501936,0.6893,0,0
501937,0.0165,0,1
501938,6.8728,0,1
501939,0.0865,0,1
501940,0.1781,0,0
501941,81.4649,0,0
501942,1256.9982,1,0
501943,483.7805,1,0
501944,367.9977,1,0
501945,625.9950,1,0
501946,1.2839,0,0
501947,0.1142,0,0
501948,33.0543,0,0
501949,0.0165,0,0
501950,0.1264,0,0
501951,12.0632,0,0
501952,1.0087,0,0
501953,5.2917,0,0
501954,0.6758,0,0
501955,3.4705,0,0
501956,83.2358,0,1
501957,0.5810,0,0
501958,0.1034,0,0
501959,0.2471,0,0
501960,3.6426,0,0
501961,0.2772,0,1
501962,0.0379,0,0
501963,1038.9632,1,0
501964,1.4120,0,1
501965,2.6373,0,0
501966,8.1284,0,0
501967,418.5736,1,0
501968,1.5397,0,0
501969,79.5073,0,0
501970,1358.8737,1,0
501971,3.4573,0,0
501972,0.0248,0,1
501973,52.7923,0,1
501974,0.0724,0,0
501975,1.3151,0,1
501976,1.0371,0,0
501977,0.6057,0,1
501978,0.2589,0,0
501979,0.2557,0,1
501980,1387.2865,1,0
501981,1.7801,0,0
501982,15.1029,0,1
501983,0.1245,0,1
501984,0.0293,0,1
501985,2.7177,0,0
501986,47.2861,0,1
501987,0.3573,0,0
501988,0.0207,0,0
501989,3.6279,0,0
501990,510.1437,1,1
501991,56.0332,0,0
501992,16.6492,0,0
501993,19.3208,0,1
501994,0.5821,0,0
501995,476.6068,1,1
501996,945.9595,1,0
501997,26.1449,0,0
501998,21.3243,0,0
501999,388.7773,1,0
502000,13.9669,0,0
